country,iso3,anticipation,agency,coordination,trust,learning,experimentation,adaptability,building,shared_purpose
Brazil,BRA,45.8,55.8,85.3,49.3,35,25.6,73.7,28.2,30.7
United States,USA,72.7,83.4,98.6,69.3,60.7,49.5,88.4,58.2,55.3
Netherlands,NLD,78.5,66.9,92.9,81.4,75.8,28.1,90.3,44.4,96
Switzerland,CHE,96.3,60,98.5,82.8,79.4,60.6,65.3,57.6,49.3
Singapore,SGP,84.8,72.3,72.1,70.8,84.2,45.8,84.8,66.6,37
South Korea,KOR,76.6,61,87,67.6,51.6,77.7,83.4,69.8,43.6
Estonia,EST,72,85.2,93,71.9,75.3,26.1,77.4,31.1,55
India,IND,35.5,45.4,77.8,40.1,19.7,8.8,85.4,47.1,66.4
Chile,CHL,55.5,68.4,79.9,58.7,49.9,37.5,64.1,32.3,47.3
South Africa,ZAF,44,51.4,71.5,81,30.1,15.9,28.9,25.5,48
Mexico,MEX,51.2,64.8,71.3,37.1,41.1,26.9,88,43,46.9
Argentina,ARG,42.3,51.4,61,46.5,41.5,19.6,66.9,27.8,33.7
Colombia,COL,44.8,65.5,60.8,39.1,42.9,32.7,64.6,27.2,46.1
Peru,PER,43.1,55.4,72.9,44.6,49.2,16.4,70.4,30.2,39.8
Uruguay,URY,44.6,72.2,73.9,56.8,39.4,28.6,64.8,32.6,59.7
Costa Rica,CRI,50.9,48.3,88.6,76.1,40.9,20.5,76,41.8,39.5
Germany,DEU,73.5,51.9,89.6,86,65.6,81.7,83,68.9,55.1
France,FRA,64,63.8,92.9,69.2,68.7,70.1,79,54.4,59
United Kingdom,GBR,74,90.5,87.7,88.6,79.8,62.2,80,48.1,87.4
Spain,ESP,73.5,58.1,89.8,75.7,75.8,40.4,69.1,34.9,48.1
Portugal,PRT,81.8,67.2,87.4,56.3,62,32,75,34.2,52
Poland,POL,65.6,43.7,87.4,54.4,45.4,20.6,85.6,35.4,54.6
Sweden,SWE,90,70.7,97.2,90.3,79.1,24.5,77.7,39.9,81.6
Finland,FIN,87.5,70.6,82.3,90.7,76.8,29.2,72.7,37.8,73.6
Ireland,IRL,77.6,69.1,88.6,83.9,81.6,4.8,72.3,69.2,76.5
Canada,CAN,80.2,71.8,97.1,66.2,76.1,18.7,83.6,30.5,61.9
Australia,AUS,86,86.1,90.5,79.8,80.1,37.9,76.2,34.4,77.2
Japan,JPN,64,37.8,63.5,64.3,51.9,67.2,78.7,54.8,40.3
China,CHN,31,72.5,65.6,55.8,74.8,100,87,77,30.3
Indonesia,IDN,43.1,52.4,78.1,37.9,22.9,3.2,79.1,46.1,69
Vietnam,VNM,28.5,61.1,75.6,36.2,42.6,7.2,88.6,65.7,42.4
Philippines,PHL,42.6,28.8,74.4,43.3,41.6,2.5,74.5,60.2,54.9
Malaysia,MYS,56,50.9,83.5,56.7,49.6,6.3,83.3,68.2,57.4
Thailand,THA,47.5,46.9,76.4,52.3,42.7,10.9,97.6,57.1,69.5
Turkey,TUR,49.3,50.7,62.3,44.3,33.8,64,76.2,43,37.8
Israel,ISR,75,63.4,79.2,43.4,49.4,22.2,90.6,38.9,70.4
United Arab Emirates,ARE,49.7,69.1,52,46.1,73.6,5.2,68.7,37.6,48.4
Nigeria,NGA,28.9,50.7,33.7,39.1,21.9,0.8,45.5,20,64.9
Kenya,KEN,32.8,46.5,75.2,34.7,43.8,0.9,60.2,21.1,68.5
Rwanda,RWA,31.9,63.7,61.1,64,32.6,0.3,58.1,31.3,49.3
Ethiopia,ETH,22.3,41.3,76.2,45.6,22.6,0.2,54.9,19.3,46.6
Bolivia,BOL,29.4,36.3,70.3,35.1,35.9,2.2,79,35.8,49.5
Paraguay,PRY,33.5,39.6,48.6,58.8,29.3,12.3,75.2,37.1,37.7
Ecuador,ECU,41.9,36,69.4,35.7,45.1,4.5,80.9,31.5,39.9
Venezuela,VEN,0.9,25.8,16.2,31.1,43.2,5.2,53.3,0,21.7
Panama,PAN,37.3,65.2,71.6,66.5,33.2,6,78,27,20.4
Guatemala,GTM,37.7,59.8,55.5,42.5,45.5,1.1,81.8,33.6,49.5
Honduras,HND,25.2,25.8,69.9,65.2,33.2,1.1,70.5,34.8,42.2
El Salvador,SLV,32.6,46.2,69.5,51.3,27.3,4.2,86.5,30.3,65
Nicaragua,NIC,15.9,80.1,22.9,31.9,37.2,0.8,81.9,29.5,50.7
Dominican Republic,DOM,33.9,50.4,68.6,71.7,34.5,4.4,81.6,30.7,53.1
Cuba,CUB,,,,,,1.1,82.9,21.8,
Haiti,HTI,0,14.8,57.3,48.2,31.7,0.2,31.6,45.8,
